Source,Campaign,Influencer ID,User ID,Product,Date,Orders,Revenue
SRC1,GRITZ_JUNIOR,INF0001,USER1000,HK Vitals Omega,2025-02-17,11,6599
SRC2,HK_MULTIVIT,INF0002,USER1001,MuscleBlaze Whey,2025-07-02,10,9055
SRC3,MB_WHEY,INF0003,USER1002,HK Vitals Omega,2025-07-24,18,2868
SRC4,MB_WHEY,INF0004,USER1003,MuscleBlaze Whey,2025-05-21,18,785
SRC5,GRITZ_JUNIOR,INF0005,USER1004,MuscleBlaze Whey,2025-05-29,17,648
SRC6,MB_WHEY,INF0006,USER1005,MuscleBlaze Whey,2025-06-03,8,4537
SRC7,MB_WHEY,INF0007,USER1006,MuscleBlaze Whey,2025-06-25,15,7049
SRC8,HK_MULTIVIT,INF0008,USER1007,HK Vitals Omega,2025-07-04,8,7621
SRC9,MB_WHEY,INF0009,USER1008,MuscleBlaze Whey,2025-02-07,17,5395
SRC10,HK_MULTIVIT,INF0010,USER1009,MuscleBlaze Whey,2025-03-13,12,5780
SRC11,GRITZ_JUNIOR,INF0011,USER1010,HK Vitals Omega,2025-07-08,8,1512
SRC12,MB_WHEY,INF0012,USER1011,HK Vitals Omega,2025-03-01,14,3285
SRC13,GRITZ_JUNIOR,INF0013,USER1012,Gritzo Supermilk,2025-04-13,4,4225
SRC14,GRITZ_JUNIOR,INF0014,USER1013,HK Vitals Omega,2025-07-22,1,5076
SRC15,MB_WHEY,INF0015,USER1014,HK Vitals Omega,2025-07-23,1,6282
SRC16,MB_WHEY,INF0016,USER1015,Gritzo Supermilk,2025-07-07,19,6757
SRC17,GRITZ_JUNIOR,INF0017,USER1016,HK Vitals Omega,2025-06-05,16,2908
SRC18,MB_WHEY,INF0018,USER1017,HK Vitals Omega,2025-06-01,14,840
SRC19,HK_MULTIVIT,INF0019,USER1018,HK Vitals Omega,2025-03-23,16,3317
SRC20,HK_MULTIVIT,INF0020,USER1019,HK Vitals Omega,2025-02-26,5,2996
SRC21,MB_WHEY,INF0021,USER1020,Gritzo Supermilk,2025-07-24,9,6462
SRC22,GRITZ_JUNIOR,INF0022,USER1021,HK Vitals Omega,2025-03-09,2,5799
SRC23,MB_WHEY,INF0023,USER1022,HK Vitals Omega,2025-06-10,18,8074
SRC24,MB_WHEY,INF0024,USER1023,Gritzo Supermilk,2025-02-14,6,2189
SRC25,GRITZ_JUNIOR,INF0025,USER1024,MuscleBlaze Whey,2025-02-01,9,3767
SRC26,GRITZ_JUNIOR,INF0026,USER1025,Gritzo Supermilk,2025-03-13,1,4906
SRC27,HK_MULTIVIT,INF0027,USER1026,MuscleBlaze Whey,2025-04-14,9,8953
SRC28,GRITZ_JUNIOR,INF0028,USER1027,Gritzo Supermilk,2025-06-04,16,1942
SRC29,HK_MULTIVIT,INF0029,USER1028,Gritzo Supermilk,2025-04-07,13,9097
SRC30,GRITZ_JUNIOR,INF0030,USER1029,HK Vitals Omega,2025-03-02,9,4937
SRC31,MB_WHEY,INF0031,USER1030,MuscleBlaze Whey,2025-05-20,13,5935
SRC32,HK_MULTIVIT,INF0032,USER1031,HK Vitals Omega,2025-07-29,9,8935
SRC33,HK_MULTIVIT,INF0033,USER1032,MuscleBlaze Whey,2025-06-20,11,4607
SRC34,HK_MULTIVIT,INF0034,USER1033,Gritzo Supermilk,2025-02-02,4,1060
SRC35,MB_WHEY,INF0035,USER1034,Gritzo Supermilk,2025-04-13,2,9285
SRC36,MB_WHEY,INF0036,USER1035,MuscleBlaze Whey,2025-05-04,6,6048
SRC37,MB_WHEY,INF0037,USER1036,HK Vitals Omega,2025-05-20,14,2326
SRC38,MB_WHEY,INF0038,USER1037,HK Vitals Omega,2025-06-21,4,8129
SRC39,MB_WHEY,INF0039,USER1038,HK Vitals Omega,2025-06-05,6,8825
SRC40,HK_MULTIVIT,INF0040,USER1039,HK Vitals Omega,2025-05-05,19,3638
SRC41,MB_WHEY,INF0041,USER1040,Gritzo Supermilk,2025-07-04,6,8193
SRC42,HK_MULTIVIT,INF0042,USER1041,Gritzo Supermilk,2025-07-07,2,8764
SRC43,MB_WHEY,INF0043,USER1042,Gritzo Supermilk,2025-04-24,18,8342
SRC44,GRITZ_JUNIOR,INF0044,USER1043,Gritzo Supermilk,2025-07-06,13,7221
SRC45,HK_MULTIVIT,INF0045,USER1044,Gritzo Supermilk,2025-04-30,9,7502
SRC46,GRITZ_JUNIOR,INF0046,USER1045,HK Vitals Omega,2025-05-03,19,4725
SRC47,HK_MULTIVIT,INF0047,USER1046,HK Vitals Omega,2025-02-26,13,3478
SRC48,GRITZ_JUNIOR,INF0048,USER1047,HK Vitals Omega,2025-05-24,11,7873
SRC49,MB_WHEY,INF0049,USER1048,HK Vitals Omega,2025-07-19,1,6407
SRC50,MB_WHEY,INF0050,USER1049,Gritzo Supermilk,2025-04-04,7,6597
SRC51,MB_WHEY,INF0051,USER1050,Gritzo Supermilk,2025-03-15,15,6156
SRC52,HK_MULTIVIT,INF0052,USER1051,Gritzo Supermilk,2025-06-29,1,9484
SRC53,GRITZ_JUNIOR,INF0053,USER1052,MuscleBlaze Whey,2025-04-25,12,4759
SRC54,MB_WHEY,INF0054,USER1053,HK Vitals Omega,2025-07-10,7,8786
SRC55,GRITZ_JUNIOR,INF0055,USER1054,HK Vitals Omega,2025-03-11,15,6401
SRC56,GRITZ_JUNIOR,INF0056,USER1055,Gritzo Supermilk,2025-05-16,19,9825
SRC57,MB_WHEY,INF0057,USER1056,HK Vitals Omega,2025-02-20,1,5417
SRC58,MB_WHEY,INF0058,USER1057,HK Vitals Omega,2025-02-22,17,8929
SRC59,GRITZ_JUNIOR,INF0059,USER1058,Gritzo Supermilk,2025-04-29,17,3030
SRC60,MB_WHEY,INF0060,USER1059,MuscleBlaze Whey,2025-03-05,3,2460
SRC61,MB_WHEY,INF0061,USER1060,MuscleBlaze Whey,2025-06-11,12,7545
SRC62,MB_WHEY,INF0062,USER1061,MuscleBlaze Whey,2025-01-31,6,1548
SRC63,HK_MULTIVIT,INF0063,USER1062,Gritzo Supermilk,2025-07-13,11,6272
SRC64,GRITZ_JUNIOR,INF0064,USER1063,HK Vitals Omega,2025-07-19,3,3029
SRC65,GRITZ_JUNIOR,INF0065,USER1064,Gritzo Supermilk,2025-02-11,8,3464
SRC66,HK_MULTIVIT,INF0066,USER1065,Gritzo Supermilk,2025-06-02,14,7637
SRC67,GRITZ_JUNIOR,INF0067,USER1066,HK Vitals Omega,2025-05-17,14,1463
SRC68,MB_WHEY,INF0068,USER1067,MuscleBlaze Whey,2025-07-10,10,1036
SRC69,GRITZ_JUNIOR,INF0069,USER1068,MuscleBlaze Whey,2025-06-01,2,7840
SRC70,MB_WHEY,INF0070,USER1069,Gritzo Supermilk,2025-07-05,14,7679
SRC71,HK_MULTIVIT,INF0071,USER1070,MuscleBlaze Whey,2025-04-24,9,8467
SRC72,MB_WHEY,INF0072,USER1071,Gritzo Supermilk,2025-05-20,3,9234
SRC73,GRITZ_JUNIOR,INF0073,USER1072,Gritzo Supermilk,2025-04-05,8,1345
SRC74,GRITZ_JUNIOR,INF0074,USER1073,HK Vitals Omega,2025-02-18,16,6277
SRC75,GRITZ_JUNIOR,INF0075,USER1074,HK Vitals Omega,2025-04-28,2,3536
SRC76,HK_MULTIVIT,INF0076,USER1075,HK Vitals Omega,2025-06-19,6,6447
SRC77,HK_MULTIVIT,INF0077,USER1076,Gritzo Supermilk,2025-04-27,12,2994
SRC78,GRITZ_JUNIOR,INF0078,USER1077,HK Vitals Omega,2025-05-01,5,3219
SRC79,MB_WHEY,INF0079,USER1078,MuscleBlaze Whey,2025-06-07,2,2384
SRC80,HK_MULTIVIT,INF0080,USER1079,MuscleBlaze Whey,2025-02-09,16,4849
SRC81,GRITZ_JUNIOR,INF0081,USER1080,Gritzo Supermilk,2025-05-23,5,5679
SRC82,GRITZ_JUNIOR,INF0082,USER1081,Gritzo Supermilk,2025-02-01,15,7110
SRC83,HK_MULTIVIT,INF0083,USER1082,HK Vitals Omega,2025-02-06,12,6930
SRC84,HK_MULTIVIT,INF0084,USER1083,Gritzo Supermilk,2025-02-15,4,7654
SRC85,HK_MULTIVIT,INF0085,USER1084,Gritzo Supermilk,2025-07-12,15,6988
SRC86,MB_WHEY,INF0086,USER1085,MuscleBlaze Whey,2025-02-25,11,5237
SRC87,MB_WHEY,INF0087,USER1086,MuscleBlaze Whey,2025-02-18,16,7025
SRC88,GRITZ_JUNIOR,INF0088,USER1087,HK Vitals Omega,2025-06-17,6,4350
SRC89,HK_MULTIVIT,INF0089,USER1088,Gritzo Supermilk,2025-03-16,14,1189
SRC90,MB_WHEY,INF0090,USER1089,Gritzo Supermilk,2025-05-29,18,5675
SRC91,HK_MULTIVIT,INF0091,USER1090,MuscleBlaze Whey,2025-06-19,12,9148
SRC92,GRITZ_JUNIOR,INF0092,USER1091,Gritzo Supermilk,2025-04-03,11,5578
SRC93,MB_WHEY,INF0093,USER1092,MuscleBlaze Whey,2025-04-24,13,5948
SRC94,MB_WHEY,INF0094,USER1093,HK Vitals Omega,2025-05-22,11,1679
SRC95,MB_WHEY,INF0095,USER1094,MuscleBlaze Whey,2025-02-17,16,9574
SRC96,GRITZ_JUNIOR,INF0096,USER1095,Gritzo Supermilk,2025-02-04,15,6906
SRC97,HK_MULTIVIT,INF0097,USER1096,HK Vitals Omega,2025-03-10,15,9091
SRC98,MB_WHEY,INF0098,USER1097,MuscleBlaze Whey,2025-06-04,4,7407
SRC99,GRITZ_JUNIOR,INF0099,USER1098,MuscleBlaze Whey,2025-02-05,11,9300
SRC100,HK_MULTIVIT,INF0100,USER1099,HK Vitals Omega,2025-05-08,19,2138
SRC101,GRITZ_JUNIOR,INF0101,USER1100,HK Vitals Omega,2025-07-16,15,6171
SRC102,HK_MULTIVIT,INF0102,USER1101,MuscleBlaze Whey,2025-06-02,4,7428
SRC103,GRITZ_JUNIOR,INF0103,USER1102,Gritzo Supermilk,2025-07-22,13,1882
SRC104,HK_MULTIVIT,INF0104,USER1103,MuscleBlaze Whey,2025-05-11,19,1903
SRC105,MB_WHEY,INF0105,USER1104,HK Vitals Omega,2025-04-19,2,9511
SRC106,HK_MULTIVIT,INF0106,USER1105,MuscleBlaze Whey,2025-05-23,14,3792
SRC107,GRITZ_JUNIOR,INF0107,USER1106,HK Vitals Omega,2025-07-14,4,9511
SRC108,GRITZ_JUNIOR,INF0108,USER1107,HK Vitals Omega,2025-06-06,16,919
SRC109,HK_MULTIVIT,INF0109,USER1108,Gritzo Supermilk,2025-03-07,14,5017
SRC110,MB_WHEY,INF0110,USER1109,HK Vitals Omega,2025-05-11,15,3802
SRC111,MB_WHEY,INF0111,USER1110,HK Vitals Omega,2025-06-06,3,8357
SRC112,HK_MULTIVIT,INF0112,USER1111,Gritzo Supermilk,2025-02-13,8,8370
SRC113,HK_MULTIVIT,INF0113,USER1112,HK Vitals Omega,2025-03-25,16,6193
SRC114,GRITZ_JUNIOR,INF0114,USER1113,Gritzo Supermilk,2025-04-20,10,1267
SRC115,MB_WHEY,INF0115,USER1114,Gritzo Supermilk,2025-02-16,4,2544
SRC116,HK_MULTIVIT,INF0116,USER1115,HK Vitals Omega,2025-04-04,18,2049
SRC117,MB_WHEY,INF0117,USER1116,HK Vitals Omega,2025-06-24,2,6640
SRC118,HK_MULTIVIT,INF0118,USER1117,MuscleBlaze Whey,2025-05-24,17,4216
SRC119,HK_MULTIVIT,INF0119,USER1118,Gritzo Supermilk,2025-06-25,13,4981
SRC120,MB_WHEY,INF0120,USER1119,MuscleBlaze Whey,2025-05-28,4,8398
SRC121,HK_MULTIVIT,INF0121,USER1120,HK Vitals Omega,2025-03-09,11,7048
SRC122,HK_MULTIVIT,INF0122,USER1121,MuscleBlaze Whey,2025-03-15,7,2793
SRC123,GRITZ_JUNIOR,INF0123,USER1122,Gritzo Supermilk,2025-05-24,12,5337
SRC124,HK_MULTIVIT,INF0124,USER1123,MuscleBlaze Whey,2025-03-03,10,8258
SRC125,HK_MULTIVIT,INF0125,USER1124,Gritzo Supermilk,2025-04-12,7,7293
SRC126,HK_MULTIVIT,INF0126,USER1125,HK Vitals Omega,2025-03-03,13,8138
SRC127,GRITZ_JUNIOR,INF0127,USER1126,HK Vitals Omega,2025-04-19,7,8493
SRC128,MB_WHEY,INF0128,USER1127,Gritzo Supermilk,2025-04-29,17,6507
SRC129,GRITZ_JUNIOR,INF0129,USER1128,HK Vitals Omega,2025-06-04,10,6042
SRC130,GRITZ_JUNIOR,INF0130,USER1129,HK Vitals Omega,2025-06-25,10,9592
SRC131,MB_WHEY,INF0131,USER1130,HK Vitals Omega,2025-03-22,4,6856
SRC132,GRITZ_JUNIOR,INF0132,USER1131,HK Vitals Omega,2025-03-26,4,8933
SRC133,MB_WHEY,INF0133,USER1132,Gritzo Supermilk,2025-07-07,7,7880
SRC134,GRITZ_JUNIOR,INF0134,USER1133,MuscleBlaze Whey,2025-07-18,1,2885
SRC135,MB_WHEY,INF0135,USER1134,MuscleBlaze Whey,2025-07-02,12,4768
SRC136,HK_MULTIVIT,INF0136,USER1135,HK Vitals Omega,2025-06-21,13,1171
SRC137,GRITZ_JUNIOR,INF0137,USER1136,MuscleBlaze Whey,2025-02-20,10,663
SRC138,GRITZ_JUNIOR,INF0138,USER1137,MuscleBlaze Whey,2025-06-20,15,9156
SRC139,GRITZ_JUNIOR,INF0139,USER1138,HK Vitals Omega,2025-02-06,13,5092
SRC140,GRITZ_JUNIOR,INF0140,USER1139,HK Vitals Omega,2025-04-13,9,5295
SRC141,HK_MULTIVIT,INF0141,USER1140,MuscleBlaze Whey,2025-02-28,9,5298
SRC142,GRITZ_JUNIOR,INF0142,USER1141,Gritzo Supermilk,2025-07-14,15,6536
SRC143,HK_MULTIVIT,INF0143,USER1142,HK Vitals Omega,2025-04-23,10,2855
SRC144,HK_MULTIVIT,INF0144,USER1143,Gritzo Supermilk,2025-04-24,10,6387
SRC145,HK_MULTIVIT,INF0145,USER1144,MuscleBlaze Whey,2025-02-28,8,8461
SRC146,HK_MULTIVIT,INF0146,USER1145,HK Vitals Omega,2025-04-02,16,6327
SRC147,MB_WHEY,INF0147,USER1146,Gritzo Supermilk,2025-03-17,17,9237
SRC148,MB_WHEY,INF0148,USER1147,HK Vitals Omega,2025-05-27,5,5219
SRC149,GRITZ_JUNIOR,INF0149,USER1148,MuscleBlaze Whey,2025-03-11,4,1093
SRC150,MB_WHEY,INF0150,USER1149,Gritzo Supermilk,2025-07-28,18,5339
SRC151,MB_WHEY,INF0151,USER1150,MuscleBlaze Whey,2025-02-06,19,7894
SRC152,GRITZ_JUNIOR,INF0152,USER1151,MuscleBlaze Whey,2025-07-01,4,3993
SRC153,GRITZ_JUNIOR,INF0153,USER1152,HK Vitals Omega,2025-02-06,7,6664
SRC154,GRITZ_JUNIOR,INF0154,USER1153,Gritzo Supermilk,2025-03-15,10,3172
SRC155,MB_WHEY,INF0155,USER1154,MuscleBlaze Whey,2025-05-23,18,4700
SRC156,MB_WHEY,INF0156,USER1155,MuscleBlaze Whey,2025-02-16,19,516
SRC157,GRITZ_JUNIOR,INF0157,USER1156,Gritzo Supermilk,2025-05-04,4,3691
SRC158,HK_MULTIVIT,INF0158,USER1157,MuscleBlaze Whey,2025-07-02,10,892
SRC159,GRITZ_JUNIOR,INF0159,USER1158,MuscleBlaze Whey,2025-05-16,1,9116
SRC160,HK_MULTIVIT,INF0160,USER1159,Gritzo Supermilk,2025-04-10,18,6772
SRC161,HK_MULTIVIT,INF0161,USER1160,Gritzo Supermilk,2025-06-20,5,1071
SRC162,GRITZ_JUNIOR,INF0162,USER1161,Gritzo Supermilk,2025-04-05,15,4131
SRC163,GRITZ_JUNIOR,INF0163,USER1162,Gritzo Supermilk,2025-07-30,17,6672
SRC164,GRITZ_JUNIOR,INF0164,USER1163,HK Vitals Omega,2025-05-24,3,9812
SRC165,MB_WHEY,INF0165,USER1164,Gritzo Supermilk,2025-03-24,12,7677
SRC166,HK_MULTIVIT,INF0166,USER1165,HK Vitals Omega,2025-06-15,2,8933
SRC167,MB_WHEY,INF0167,USER1166,HK Vitals Omega,2025-03-23,1,4397
SRC168,MB_WHEY,INF0168,USER1167,HK Vitals Omega,2025-07-03,17,8623
SRC169,GRITZ_JUNIOR,INF0169,USER1168,MuscleBlaze Whey,2025-02-20,16,2779
SRC170,MB_WHEY,INF0170,USER1169,HK Vitals Omega,2025-05-15,5,9480
SRC171,GRITZ_JUNIOR,INF0171,USER1170,HK Vitals Omega,2025-02-17,15,7951
SRC172,HK_MULTIVIT,INF0172,USER1171,MuscleBlaze Whey,2025-03-23,3,9406
SRC173,GRITZ_JUNIOR,INF0173,USER1172,MuscleBlaze Whey,2025-02-25,7,1275
SRC174,MB_WHEY,INF0174,USER1173,MuscleBlaze Whey,2025-06-10,11,7369
SRC175,MB_WHEY,INF0175,USER1174,Gritzo Supermilk,2025-06-21,10,2747
SRC176,GRITZ_JUNIOR,INF0176,USER1175,MuscleBlaze Whey,2025-04-26,9,7588
SRC177,GRITZ_JUNIOR,INF0177,USER1176,MuscleBlaze Whey,2025-06-19,14,578
SRC178,MB_WHEY,INF0178,USER1177,HK Vitals Omega,2025-03-14,13,8580
SRC179,HK_MULTIVIT,INF0179,USER1178,MuscleBlaze Whey,2025-03-17,2,7599
SRC180,HK_MULTIVIT,INF0180,USER1179,Gritzo Supermilk,2025-07-30,3,4426
SRC181,GRITZ_JUNIOR,INF0181,USER1180,MuscleBlaze Whey,2025-02-27,7,9547
SRC182,HK_MULTIVIT,INF0182,USER1181,Gritzo Supermilk,2025-05-09,18,7840
SRC183,MB_WHEY,INF0183,USER1182,MuscleBlaze Whey,2025-03-27,3,7583
SRC184,GRITZ_JUNIOR,INF0184,USER1183,MuscleBlaze Whey,2025-07-26,10,6730
SRC185,MB_WHEY,INF0185,USER1184,MuscleBlaze Whey,2025-07-02,7,9723
SRC186,MB_WHEY,INF0186,USER1185,MuscleBlaze Whey,2025-04-29,9,5440
SRC187,HK_MULTIVIT,INF0187,USER1186,Gritzo Supermilk,2025-05-13,17,3771
SRC188,GRITZ_JUNIOR,INF0188,USER1187,Gritzo Supermilk,2025-05-30,11,3956
SRC189,GRITZ_JUNIOR,INF0189,USER1188,HK Vitals Omega,2025-07-16,7,8288
SRC190,HK_MULTIVIT,INF0190,USER1189,Gritzo Supermilk,2025-05-30,14,9099
SRC191,MB_WHEY,INF0191,USER1190,MuscleBlaze Whey,2025-03-07,19,8150
SRC192,MB_WHEY,INF0192,USER1191,HK Vitals Omega,2025-07-10,4,3211
SRC193,MB_WHEY,INF0193,USER1192,HK Vitals Omega,2025-07-09,6,2168
SRC194,MB_WHEY,INF0194,USER1193,HK Vitals Omega,2025-03-28,10,647
SRC195,GRITZ_JUNIOR,INF0195,USER1194,MuscleBlaze Whey,2025-07-13,7,6920
SRC196,GRITZ_JUNIOR,INF0196,USER1195,Gritzo Supermilk,2025-03-16,13,865
SRC197,HK_MULTIVIT,INF0197,USER1196,MuscleBlaze Whey,2025-06-28,14,5031
SRC198,HK_MULTIVIT,INF0198,USER1197,HK Vitals Omega,2025-06-28,4,5830
SRC199,GRITZ_JUNIOR,INF0199,USER1198,MuscleBlaze Whey,2025-02-12,8,6010
SRC200,GRITZ_JUNIOR,INF0200,USER1199,MuscleBlaze Whey,2025-03-31,5,9254
SRC201,MB_WHEY,INF0201,USER1200,Gritzo Supermilk,2025-03-12,1,9464
SRC202,MB_WHEY,INF0202,USER1201,Gritzo Supermilk,2025-06-18,4,6993
SRC203,HK_MULTIVIT,INF0203,USER1202,HK Vitals Omega,2025-05-24,3,5939
SRC204,GRITZ_JUNIOR,INF0204,USER1203,MuscleBlaze Whey,2025-03-17,9,7011
SRC205,HK_MULTIVIT,INF0205,USER1204,MuscleBlaze Whey,2025-02-25,8,8004
SRC206,GRITZ_JUNIOR,INF0206,USER1205,Gritzo Supermilk,2025-04-13,1,1746
SRC207,MB_WHEY,INF0207,USER1206,MuscleBlaze Whey,2025-06-06,6,4339
SRC208,HK_MULTIVIT,INF0208,USER1207,MuscleBlaze Whey,2025-03-14,9,9051
SRC209,HK_MULTIVIT,INF0209,USER1208,MuscleBlaze Whey,2025-02-04,7,2876
SRC210,GRITZ_JUNIOR,INF0210,USER1209,Gritzo Supermilk,2025-06-09,4,3509
SRC211,MB_WHEY,INF0211,USER1210,HK Vitals Omega,2025-05-12,13,9654
SRC212,HK_MULTIVIT,INF0212,USER1211,HK Vitals Omega,2025-04-19,17,2327
SRC213,MB_WHEY,INF0213,USER1212,MuscleBlaze Whey,2025-02-09,2,7479
SRC214,HK_MULTIVIT,INF0214,USER1213,HK Vitals Omega,2025-02-14,5,9069
SRC215,MB_WHEY,INF0215,USER1214,Gritzo Supermilk,2025-04-26,12,4785
SRC216,GRITZ_JUNIOR,INF0216,USER1215,Gritzo Supermilk,2025-04-09,8,7410
SRC217,HK_MULTIVIT,INF0217,USER1216,HK Vitals Omega,2025-03-20,6,9061
SRC218,HK_MULTIVIT,INF0218,USER1217,HK Vitals Omega,2025-04-06,8,2696
SRC219,MB_WHEY,INF0219,USER1218,MuscleBlaze Whey,2025-06-30,18,4247
SRC220,MB_WHEY,INF0220,USER1219,HK Vitals Omega,2025-05-28,3,9343
SRC221,HK_MULTIVIT,INF0221,USER1220,MuscleBlaze Whey,2025-06-03,12,6478
SRC222,GRITZ_JUNIOR,INF0222,USER1221,MuscleBlaze Whey,2025-07-14,3,6107
SRC223,MB_WHEY,INF0223,USER1222,Gritzo Supermilk,2025-05-05,6,1269
SRC224,MB_WHEY,INF0224,USER1223,Gritzo Supermilk,2025-07-25,2,1280
SRC225,MB_WHEY,INF0225,USER1224,Gritzo Supermilk,2025-03-02,12,6803
SRC226,HK_MULTIVIT,INF0226,USER1225,Gritzo Supermilk,2025-03-11,2,4483
SRC227,HK_MULTIVIT,INF0227,USER1226,HK Vitals Omega,2025-06-02,6,9214
SRC228,HK_MULTIVIT,INF0228,USER1227,Gritzo Supermilk,2025-03-02,17,1021
SRC229,HK_MULTIVIT,INF0229,USER1228,HK Vitals Omega,2025-06-04,3,9627
SRC230,GRITZ_JUNIOR,INF0230,USER1229,Gritzo Supermilk,2025-07-29,2,8069
SRC231,GRITZ_JUNIOR,INF0231,USER1230,HK Vitals Omega,2025-07-12,8,6284
SRC232,HK_MULTIVIT,INF0232,USER1231,MuscleBlaze Whey,2025-02-19,12,5083
SRC233,GRITZ_JUNIOR,INF0233,USER1232,HK Vitals Omega,2025-07-15,4,6446
SRC234,MB_WHEY,INF0234,USER1233,HK Vitals Omega,2025-06-02,5,5441
SRC235,MB_WHEY,INF0235,USER1234,Gritzo Supermilk,2025-07-13,13,6767
SRC236,MB_WHEY,INF0236,USER1235,HK Vitals Omega,2025-07-22,15,7628
SRC237,HK_MULTIVIT,INF0237,USER1236,MuscleBlaze Whey,2025-05-07,16,2961
SRC238,MB_WHEY,INF0238,USER1237,MuscleBlaze Whey,2025-07-12,10,1185
SRC239,GRITZ_JUNIOR,INF0239,USER1238,Gritzo Supermilk,2025-03-21,16,2660
SRC240,HK_MULTIVIT,INF0240,USER1239,MuscleBlaze Whey,2025-05-31,12,7531
SRC241,GRITZ_JUNIOR,INF0241,USER1240,HK Vitals Omega,2025-05-20,17,5841
SRC242,MB_WHEY,INF0242,USER1241,MuscleBlaze Whey,2025-02-09,16,538
SRC243,MB_WHEY,INF0243,USER1242,Gritzo Supermilk,2025-03-28,12,5375
SRC244,MB_WHEY,INF0244,USER1243,HK Vitals Omega,2025-06-06,8,1756
SRC245,HK_MULTIVIT,INF0245,USER1244,Gritzo Supermilk,2025-03-14,3,8197
SRC246,GRITZ_JUNIOR,INF0246,USER1245,HK Vitals Omega,2025-06-27,16,2696
SRC247,HK_MULTIVIT,INF0247,USER1246,MuscleBlaze Whey,2025-03-06,13,7665
SRC248,HK_MULTIVIT,INF0248,USER1247,Gritzo Supermilk,2025-03-05,19,801
SRC249,MB_WHEY,INF0249,USER1248,Gritzo Supermilk,2025-03-31,8,8027
SRC250,HK_MULTIVIT,INF0250,USER1249,HK Vitals Omega,2025-05-29,5,6881
